{"cameraMode":{"drawMode":0,"name":"Shaded","section":"Shading Mode"},"sceneLighting":false,"audioPlay":false,"sceneViewState":{"showFog":false,"showMaterialUpdate":false,"showSkybox":false,"showFlares":false,"showImageEffects":false,"showParticleSystems":false},"in2DMode":false,"pivot":{"x":-5.536317825317383,"y":1.8650000095367432,"z":-23.36611557006836},"rotation":{"x":0.0060913460329174999,"y":-0.9575272798538208,"z":0.020097311586141588,"w":0.2877292037010193},"size":2.8146374225616457,"orthographic":false}