{"cameraMode":{"drawMode":0,"name":"Shaded","section":"Shading Mode"},"sceneLighting":true,"audioPlay":false,"sceneViewState":{"showFog":false,"showMaterialUpdate":false,"showSkybox":false,"showFlares":false,"showImageEffects":false,"showParticleSystems":false},"in2DMode":false,"pivot":{"x":58.88233184814453,"y":-5.307969570159912,"z":-21.1695613861084},"rotation":{"x":0.032608117908239368,"y":0.8580060601234436,"z":-0.06086188554763794,"w":0.5099518895149231},"size":28.425844192504884,"orthographic":false}