{"cameraMode":{"drawMode":0,"name":"Shaded","section":"Shading Mode"},"sceneLighting":false,"audioPlay":false,"sceneViewState":{"showFog":false,"showMaterialUpdate":false,"showSkybox":false,"showFlares":false,"showImageEffects":false,"showParticleSystems":false},"in2DMode":false,"pivot":{"x":-0.871841311454773,"y":1.2959120273590088,"z":-1.5646625757217408},"rotation":{"x":-0.0034994452726095917,"y":0.9342413544654846,"z":0.00669215340167284,"w":0.35730239748954775},"size":1.4091840982437134,"orthographic":false}