{"cameraMode":{"drawMode":0,"name":"Shaded","section":"Shading Mode"},"sceneLighting":false,"audioPlay":false,"sceneViewState":{"showFog":false,"showMaterialUpdate":false,"showSkybox":false,"showFlares":false,"showImageEffects":false,"showParticleSystems":false},"in2DMode":false,"pivot":{"x":0.6031368970870972,"y":0.8217774033546448,"z":0.9801501631736755},"rotation":{"x":0.026805613189935685,"y":-0.9739885926246643,"z":0.15156130492687226,"w":0.16725189983844758},"size":0.731601357460022,"orthographic":false}