{"cameraMode":{"drawMode":0,"name":"Shaded","section":"Shading Mode"},"sceneLighting":false,"audioPlay":false,"sceneViewState":{"showFog":false,"showMaterialUpdate":false,"showSkybox":false,"showFlares":false,"showImageEffects":false,"showParticleSystems":false},"in2DMode":false,"pivot":{"x":1536.7547607421875,"y":827.6618041992188,"z":-10.1466064453125},"rotation":{"x":-0.0010079480707645417,"y":-0.14166268706321717,"z":-0.003546443535014987,"w":0.9903289079666138},"size":201.24612426757813,"orthographic":false}