{"cameraMode":{"drawMode":0,"name":"Shaded","section":"Shading Mode"},"sceneLighting":false,"audioPlay":false,"sceneViewState":{"showFog":false,"showMaterialUpdate":false,"showSkybox":false,"showFlares":false,"showImageEffects":false,"showParticleSystems":false},"in2DMode":false,"pivot":{"x":-9.836163520812989,"y":1.841475009918213,"z":-23.364646911621095},"rotation":{"x":0.0060913460329174999,"y":-0.9575272798538208,"z":0.020097311586141588,"w":0.2877292037010193},"size":2.6880645751953127,"orthographic":false}