{"cameraMode":{"drawMode":0,"name":"Shaded","section":"Shading Mode"},"sceneLighting":true,"audioPlay":false,"sceneViewState":{"showFog":false,"showMaterialUpdate":false,"showSkybox":false,"showFlares":false,"showImageEffects":false,"showParticleSystems":false},"in2DMode":false,"pivot":{"x":0.0,"y":-0.5310001373291016,"z":0.0029997825622558595},"rotation":{"x":0.2504425346851349,"y":0.0519094355404377,"z":-0.013899576850235463,"w":0.966774582862854},"size":12.12435531616211,"orthographic":false}