{"cameraMode":{"drawMode":0,"name":"Shaded","section":"Shading Mode"},"sceneLighting":false,"audioPlay":false,"sceneViewState":{"showFog":false,"showMaterialUpdate":false,"showSkybox":false,"showFlares":false,"showImageEffects":false,"showParticleSystems":false},"in2DMode":false,"pivot":{"x":-0.9757630825042725,"y":1.8794599771499634,"z":-23.769180297851564},"rotation":{"x":0.0060913460329174999,"y":-0.9575272798538208,"z":0.020097311586141588,"w":0.2877292037010193},"size":2.6821000576019289,"orthographic":false}