{"cameraMode":{"drawMode":0,"name":"Shaded","section":"Shading Mode"},"sceneLighting":false,"audioPlay":false,"sceneViewState":{"showFog":false,"showMaterialUpdate":false,"showSkybox":false,"showFlares":false,"showImageEffects":false,"showParticleSystems":false},"in2DMode":false,"pivot":{"x":0.8359196186065674,"y":1.042322039604187,"z":1.2036247253417969},"rotation":{"x":0.029637495055794717,"y":-0.4871668219566345,"z":0.014613651670515538,"w":0.8729190230369568},"size":2.0760624408721926,"orthographic":false}