{"cameraMode":{"drawMode":0,"name":"Shaded","section":"Shading Mode"},"sceneLighting":false,"audioPlay":false,"sceneViewState":{"showFog":false,"showMaterialUpdate":false,"showSkybox":false,"showFlares":false,"showImageEffects":false,"showParticleSystems":false},"in2DMode":false,"pivot":{"x":-1.0446653366088868,"y":-0.10714995861053467,"z":0.09206417202949524},"rotation":{"x":-0.24700164794921876,"y":0.5610396862030029,"z":-0.17987419664859773,"w":-0.7694156169891357},"size":1.262341856956482,"orthographic":false}